<?xml version="1.0" encoding="UTF-8"?>
<!--

       Copyright 2006-2016 the original author or authors.

       Licensed under the Apache License, Version 2.0 (the "License");
       you may not use this file except in compliance with the License.
       You may obtain a copy of the License at

          http://www.apache.org/licenses/LICENSE-2.0

       Unless required by applicable law or agreed to in writing, software
       distributed under the License is distributed on an "AS IS" BASIS,
       WITHOUT WARRANTIES OR CONDITIONS OF ANY KIND, either express or implied.
       See the License for the specific language governing permissions and
       limitations under the License.

-->
<!DOCTYPE generatorConfiguration PUBLIC
 "-//mybatis.org//DTD MyBatis Generator Configuration 1.0//EN"
 "http://mybatis.org/dtd/mybatis-generator-config_1_0.dtd">

<generatorConfiguration>
  <context id="dsql" targetRuntime="MyBatis3DynamicSql">
    <plugin type="org.mybatis.generator.plugins.EqualsHashCodePlugin" />
    
    <jdbcConnection driverClass="org.hsqldb.jdbcDriver"
        connectionURL="jdbc:hsqldb:mem:aname"
        userId="sa" />

    <javaTypeResolver>
      <property name="useJSR310Types" value="true"/>
    </javaTypeResolver>

    <javaModelGenerator targetPackage="mbg.test.mb3.generated.dsql.model" targetProject="MAVEN">
      <property name="enableSubPackages" value="true" />
      <property name="trimStrings" value="true" />
    </javaModelGenerator>

    <javaClientGenerator type="ANNOTATEDMAPPER" targetPackage="mbg.test.mb3.generated.dsql.mapper"  targetProject="MAVEN">
      <property name="enableSubPackages" value="true" />
    </javaClientGenerator>
    
    <table tableName="FieldsOnly" />
    <table tableName="PKOnly">
      <property name="immutable" value="true"/>
    </table>
    <table tableName="PKFields" alias="B" >
      <property name="selectAllOrderByClause" value="ID1, ID2"/>
      <columnOverride column="wierd$Field" delimitedColumnName="true"/>
      <columnOverride column="stringBoolean" javaType="boolean" typeHandler="mbg.test.mb3.common.StringBooleanTypeHandler"/>
    </table>
    <table tableName="PKBlobs">
      <property name="constructorBased" value="true"/>
    </table>
    <table tableName="PKFieldsBlobs" />
    <table tableName="FieldsBlobs" />
    <table tableName="awful table" alias="A">
      <generatedKey column="CuStOmEr iD" sqlStatement="JDBC" />
      <columnOverride column="first name" property="firstFirstName" />
      <columnOverride column="first_name" property="secondFirstName" />
      <columnOverride column="firstName" property="thirdFirstName" />
      <columnOverride column="from" delimitedColumnName="true" >
        <property name="fredswife" value="wilma"/>
      </columnOverride>
      <columnOverride column="active" javaType="boolean" />
      <columnOverride column="_id1" delimitedColumnName="true" />
      <columnOverride column="$id2" delimitedColumnName="true" />
      <columnOverride column="id5_" delimitedColumnName="true" />
      <columnOverride column="id6$" delimitedColumnName="true" />
      <columnOverride column="id7$$" delimitedColumnName="true" />
      <columnOverride column="class" property="dbClass" />
    </table>
  </context>

  <context id="miscellaneousTests_Annotated" targetRuntime="MyBatis3DynamicSql">
    <plugin type="org.mybatis.generator.plugins.EqualsHashCodePlugin" />
    <plugin type="org.mybatis.generator.plugins.RowBoundsPlugin" />

    <commentGenerator>
      <property name="suppressAllComments" value="true"/>
    </commentGenerator>
    
    <jdbcConnection driverClass="org.hsqldb.jdbcDriver"
        connectionURL="jdbc:hsqldb:mem:aname"
        userId="sa" />

    <javaModelGenerator targetPackage="mbg.test.mb3.generated.dsql.miscellaneous.model" targetProject="MAVEN">
      <property name="trimStrings" value="true" />
      <property name="rootClass" value="mbg.test.common.BaseClass" />
    </javaModelGenerator>

    <javaClientGenerator type="ANNOTATEDMAPPER" targetPackage="mbg.test.mb3.generated.dsql.miscellaneous.mapper"  targetProject="MAVEN">
      <property name="methodNameCalculator" value="EXTENDED"/>
    </javaClientGenerator>

    <table tableName="PKFields" domainObjectName="MyObject" alias="A" >
      <ignoreColumn column="fred" />
      <ignoreColumn column="decimal30Field" />
      <columnOverride column="datefield" property="startDate"/>
      <columnOverride column="decimal155Field" javaType="java.lang.Double" />
      <columnOverride column="decimal60Field" javaType="int" />
      <columnOverride column="firstName" javaType="mbg.test.common.FirstName"
         typeHandler="mbg.test.mb3.common.FirstNameTypeHandler"/>
      <columnOverride column="timeField" javaType="mbg.test.common.MyTime"
         typeHandler="mbg.test.mb3.common.MyTimeTypeHandler"/>
      <columnOverride column="wierd$Field" delimitedColumnName="true"/>
    </table>
    <table tableName="RegexRename">
      <generatedKey column="CUST_ID" sqlStatement="call next value for TestSequence" />
      <columnRenamingRule searchString="^CUST" />
    </table>
    <table tableName="EnumTest">
      <columnOverride column="name" javaType="mbg.test.mb3.common.TestEnum"/>
    </table>
    <table tableName="GeneratedAlwaysTest" >
      <columnOverride column="ID_PLUS1" isGeneratedAlways="true" />
      <columnOverride column="ID_PLUS2" isGeneratedAlways="true" />
    </table>
    <table tableName="GeneratedAlwaysTestNoUpdates" >
      <columnOverride column="ID_PLUS1" isGeneratedAlways="true" />
      <columnOverride column="ID_PLUS2" isGeneratedAlways="true" />
    </table>
  </context>

  <context id="dsql-modelonly" targetRuntime="MyBatis3DynamicSql">
    <plugin type="org.mybatis.generator.plugins.EqualsHashCodePlugin" />
    
    <jdbcConnection driverClass="org.hsqldb.jdbcDriver"
        connectionURL="jdbc:hsqldb:mem:aname"
        userId="sa" />

    <javaTypeResolver>
      <property name="useJSR310Types" value="true"/>
    </javaTypeResolver>

    <javaModelGenerator targetPackage="mbg.test.mb3.generated.dsql.modelonly" targetProject="MAVEN">
      <property name="enableSubPackages" value="true" />
      <property name="trimStrings" value="true" />
    </javaModelGenerator>

    <table tableName="FieldsOnly" />
    <table tableName="PKOnly">
      <property name="immutable" value="true"/>
    </table>
    <table tableName="PKFields" alias="B" >
      <property name="selectAllOrderByClause" value="ID1, ID2"/>
      <columnOverride column="wierd$Field" delimitedColumnName="true"/>
      <columnOverride column="stringBoolean" javaType="boolean" typeHandler="mbg.test.mb3.common.StringBooleanTypeHandler"/>
    </table>
    <table tableName="PKBlobs">
      <property name="constructorBased" value="true"/>
    </table>
    <table tableName="PKFieldsBlobs" />
    <table tableName="FieldsBlobs" />
    <table tableName="awful table" alias="A">
      <generatedKey column="CuStOmEr iD" sqlStatement="JDBC" />
      <columnOverride column="first name" property="firstFirstName" />
      <columnOverride column="first_name" property="secondFirstName" />
      <columnOverride column="firstName" property="thirdFirstName" />
      <columnOverride column="from" delimitedColumnName="true" >
        <property name="fredswife" value="wilma"/>
      </columnOverride>
      <columnOverride column="active" javaType="boolean" />
      <columnOverride column="_id1" delimitedColumnName="true" />
      <columnOverride column="$id2" delimitedColumnName="true" />
      <columnOverride column="id5_" delimitedColumnName="true" />
      <columnOverride column="id6$" delimitedColumnName="true" />
      <columnOverride column="id7$$" delimitedColumnName="true" />
      <columnOverride column="class" property="dbClass" />
    </table>
  </context>
</generatorConfiguration>
